address,choice,balance,timestamp,day,dateUtc,authorIpfsHash,relayerIpfsHash,,ÈÕÆÚ
0xd714Dd60e22BbB1cbAFD0e40dE5Cfa7bBDD3F3C8,1,1,1606153944,0,"Mon, 23 Nov 2020 17:52:24 GMT",QmTtYyP43vDM5F6T9UYfN7wepERUR36966ZReJmQsCYFfD,Qmdbyratm3UXtXsgknYx7DayFwryk2EHxPnD9pi8g6Hnc7,,"Mon, 23 Nov 20"
0x03118e02cE007a0F0d1C9D806c2a7D5Ae2F26995,1,12,1606154547,0,"Mon, 23 Nov 2020 18:02:27 GMT",QmYJ7rmn1gBxgCc9wQsPrTSwJi8MLtMznXvoedQafCyJVL,QmRe2y3KPd42wBuNSv3tfb1HgFksVZ9LrMrFv82FiDPyw5,,"Mon, 23 Nov 20"
0x236Ff34518dBa76612BB571A7bAA6201D02Ea985,1,2.16448559,1606158835,0,"Mon, 23 Nov 2020 19:13:55 GMT",QmdnUSr1TD9cewNbg7wFiPDugSbky8a2qGC6RhrtXwqJXb,QmaWVeuzZAsPFKXoLuKUkhQf1QkoW9QtswVRnCaUPXAU8H,,"Mon, 23 Nov 20"
0xFC56b02eDCd54cB7f88134c4218caB8A530FBF44,1,2430.22,1606162223,0,"Mon, 23 Nov 2020 20:10:23 GMT",QmbKyGcbGGSDNfMymBnzPayyUXTPPVkQm5a1UFswMw8Bqs,QmedXHqrYJEXfZSABKWCj9j7ZxrghVr37A45zj6HHTM3GK,,"Mon, 23 Nov 20"
0x7B4F11f64DA52ce0A8f7Bcfc776BC50FC94aAca0,1,1582.031814,1606163105,0,"Mon, 23 Nov 2020 20:25:05 GMT",QmaP9EeHApM8CTXZ9osokfQA51icJiDwLc57E1TgSTHFhG,Qme5egj5wNgtvjeGNQhaAsWyxyn4Wq2PjmeySyPEGLT2Yi,,"Mon, 23 Nov 20"
0x11B1785D9Ac81480c03210e89F1508c8c115888E,1,1.02,1606170996,0,"Mon, 23 Nov 2020 22:36:36 GMT",QmXxTvFcsJ1XG7vsBJywkh3Fr6tpavrKCwKVsy1GFewULT,QmQzznZjmqKragw1Za4d1nxUd6oqtpFNQKWhvxoZE4DY4r,,"Mon, 23 Nov 20"
0x06b172c63730F0cCFb40ea35E726ebF4E930c9e3,1,54.08243398,1606173115,0,"Mon, 23 Nov 2020 23:11:55 GMT",QmcohvWJeXNgG6xX4hDpX7s91rKvXWbiFJRGrprAy55jGe,QmW7vooDv7j9jA9saRjnVtrTp6n2NdGsET2S6nemWkGXRj,,"Mon, 23 Nov 20"
0x1861974f32eaCDCceD0F81b0f8eCcFeD58153a9D,1,11.20709689,1606181100,1,"Tue, 24 Nov 2020 01:25:00 GMT",QmWRMcZrrQKszt7NXaWbwByz89euXymBDxeUcpT7bEU3Vm,QmYJBSrsmUj4TqTZpRL5aQZDVEs7H4wdvu3UWXLyrHoh1t,,"Tue, 24 Nov 20"
0xa291017D892E62b5Ed74cEA8D38D9CB00a583343,1,1.068534371,1606200149,1,"Tue, 24 Nov 2020 06:42:29 GMT",QmRCVwoJJH43gGfSnEmmgjSqXACefTDwg8pjg2W2w865Tr,QmfQS8JAqe5SUbmDWphHaHvhhwjPQGWw3ZM66hkXyHVZN1,,"Tue, 24 Nov 20"
0xed0C647095c52d21857932d49e414f9fc4dc759D,1,1,1606200270,1,"Tue, 24 Nov 2020 06:44:30 GMT",QmQa6rtqhLSFQ9purcBneEhRDewtejqo8DL72ahdajwWnS,QmXQUVSLvN1CqK3TSTwaUr6LKr8qEc77ztJwnWSbVXSx5E,,"Tue, 24 Nov 20"
0x009Ec7D76feBECAbd5c73CB13f6d0FB83e45D450,1,15.54542954,1606209525,1,"Tue, 24 Nov 2020 09:18:45 GMT",Qmba1BpNpHbUCdDsTfdWejX6uo2sGzfNRdTJyHzHxpLXwL,QmTD9kBoiQ4t95gNQuUhWuzn1BqJuVaeEJaUWrauWPBbrj,,"Tue, 24 Nov 20"
0x14e9e9F0A8D9bAc4CaD8c1CE339826f42924E542,1,24889.95892,1606209548,1,"Tue, 24 Nov 2020 09:19:08 GMT",Qma3PXeeBVhaR3Pmu2o1dNnNtA4kYUehtVp3LbTCztvp7W,QmaHg3Sp1DtXKWppcRxKkz8cJkZzBB5bdvSrA3DAzW1T9B,,"Tue, 24 Nov 20"
0xBa45B15E1349B6405e43B70fe18C112f1feC7f59,1,2451.93,1606211605,1,"Tue, 24 Nov 2020 09:53:25 GMT",QmbvKVKUNvGTmPKZUuipHgzDZyBLjgqEM6Mcd4wMVpxi8a,Qmacgvs3zu6uC1skQ8qAKnYvgwJD8CW9mDbG6H37FtLLwE,,"Tue, 24 Nov 20"
0x7B2e78D4dFaABA045A167a70dA285E30E8FcA196,1,1.552456452,1606211692,1,"Tue, 24 Nov 2020 09:54:52 GMT",QmR8dohAJQnyDsTsXYeDXB4b83Ewdv2BX7CHdhFbosT7c6,QmWTBJyt4z4hiDpKMqM96haoE4QyozrMEnjSQT3S41obbd,,"Tue, 24 Nov 20"
0x64E482233Ca8bbFCd7fBCc670808fa0eB09c5cc3,1,1.905148504,1606211720,1,"Tue, 24 Nov 2020 09:55:20 GMT",QmVK5hyPDtteMGrJisDxYUQKLmdAvHs9bFUcaYTV7X9htC,QmWUWWfYvCEtcrzzN8wxVzkWmTU8gJxAKCghC6DqmafWsR,,"Tue, 24 Nov 20"
0x6119Fa6C5B18BE03F3b8E408c961E28239A0108C,1,152.7488328,1606213519,1,"Tue, 24 Nov 2020 10:25:19 GMT",QmYmY9RBEtSo15vUVQLfzXfAgGpYWUnqQbDejKdvJDUzJk,QmZSJTX3kRn5NYvPy8GPKPg574wRop9MDyjtNeruhdrZAF,,"Tue, 24 Nov 20"
0x16c5EFd522b2fDBa7342f13e4dC65681Ff674f0d,1,2374.845,1606219566,1,"Tue, 24 Nov 2020 12:06:06 GMT",QmfSUpn33tD2Ect5GoRVz2HmHMeJPKJyu3wfS5t2yv8zvj,QmeVmZZo36bfjnq2nUiNxsGLW9pASswtwe9yKAcHVqortq,,"Tue, 24 Nov 20"
0x3FBB1742C5364239164b8bEF4c386F38ceBa80D3,1,17.34282,1606220073,1,"Tue, 24 Nov 2020 12:14:33 GMT",Qmdicy6354BM3oszqN6CC1MDw2uvLJRzrUEUnq3pM5jqZt,QmSV3SbPP6C8s2rmR65omjYJxizMYrruAoGtPXzdNAuaTo,,"Tue, 24 Nov 20"
0x865c2F85C9fEa1C6Ac7F53de07554D68cB92eD88,1,15.42421883,1606221670,1,"Tue, 24 Nov 2020 12:41:10 GMT",QmVMKPxWhBwnu8WS412TGJk7ZBqW3ZMHy2ojHymiEyeQ1y,QmSMQqaCcFuqzhBSbJgT7EP8Hw6MVwnmJfMjQqfsbxbXob,,"Tue, 24 Nov 20"
0x88f1706c20d94A4d1551C5F799C9E3380A24C3AC,1,201.7255117,1606221977,1,"Tue, 24 Nov 2020 12:46:17 GMT",QmUK7weRGQxJuXnzHdVVNV3LzTJmcMdnAwXtozW51mmCyd,QmRcW92PEwTUfUYteXzgiVVFrVoGanDX9gpQP31CahXBwa,,"Tue, 24 Nov 20"
0x7B7254d6be53c1aE75e3F816E3c159BE7fADAF7C,1,63.70586834,1606223512,1,"Tue, 24 Nov 2020 13:11:52 GMT",QmNmpyFzQxxb5BBq63wEugmK7v7eNRf9MM1w9ZNJXsyr1M,QmT7itt7C4YBqLNNTiQrVy83Zb9d9z5XFdMUUMbMywnX57,,"Tue, 24 Nov 20"
0x3F478216041713A4B1EcB672515cc1b039BBE790,1,1555.442993,1606223913,1,"Tue, 24 Nov 2020 13:18:33 GMT",QmQzkjSWoFBz8RRxv8AjPnNXHGRRJvVqVkLWBg9cSaT3uh,QmNY1fzpMLE3m8eFNBcaxMt3NzTyzbSYkFBVfNQqXNo9Qk,,"Tue, 24 Nov 20"
0x77234D179222A005778d53E9Dcf4990dbD1377d9,1,542.5,1606228731,1,"Tue, 24 Nov 2020 14:38:51 GMT",QmTiA1nRAcBuzkLzBMbnZup9BrpvHAE3Cvph25tzuhsJZ2,QmYQxv7kcg3SsJFdFPW97Da2c6T3GnBU4herhn1UuVPHqn,,"Tue, 24 Nov 20"
0x0ABa55c93cF7292f71067B0Ba0D8b464592895cA,1,3.421375621,1606229026,1,"Tue, 24 Nov 2020 14:43:46 GMT",Qme562VCpDuchR79yjvvTPByrTtTGhMo4YucLBsXpE8Zy2,QmfWXHA91EY5ng1rZs1y2ToDQfhAmq2G7npYK5hztui3j1,,"Tue, 24 Nov 20"
0x9bF03137e09956b1510f0feaa955AeD1D18eD5CB,1,84.54286591,1606229096,1,"Tue, 24 Nov 2020 14:44:56 GMT",QmcoGD5QMg8u2XsvyP23GXiuYXnKXduJFpojTp5iugC3W4,QmRdYy67vVBoVCkvNHsoNCMguPeFKetUHV2HaKAxgRnLSS,,"Tue, 24 Nov 20"
0x9F87C1aCaF3Afc6a5557c58284D9F8609470b571,1,5.814710104,1606230721,1,"Tue, 24 Nov 2020 15:12:01 GMT",QmPrHwWfSLYABaN53fkwNNyDT9RFBw8CbNRFRdXA5puvt1,QmdgDhr3zsvipr5eDLEtdSaczqdsVZxEQpXuNhbcQtfVYv,,"Tue, 24 Nov 20"
0x48acEaF27C7AC4f0D83a536cBc4333a8CB621Bca,1,50,1606230756,1,"Tue, 24 Nov 2020 15:12:36 GMT",QmYWWPunKb4fnZcz3U1V7xDcgjxcaJDY5gVahgS7NdbSCm,QmVtPxMKVkKZP4wT7MdM3fEGMkVRibdduXhvakBbfQSAkR,,"Tue, 24 Nov 20"
0x8d07D225a769b7Af3A923481E1FdF49180e6A265,2,5,1606230939,1,"Tue, 24 Nov 2020 15:15:39 GMT",QmaujK9MyQmVcMJ4Ua62PnRL5xD11iak1mRy9ANeorKSDs,QmTrJSzZEa1BC1aqvMXpSUMXRd6tjuzACT6UUuBtRDTF3v,,"Tue, 24 Nov 20"
0x3B27c32b88d2c415a28FDA4c9B245Aa8e6dD8B0C,1,53.40851453,1606232062,1,"Tue, 24 Nov 2020 15:34:22 GMT",QmUbY9QjkYuYcbAGM2QwuoR9PumNLtbc6BjUv1qmHmbdZy,QmbSXMiqJAAyjZZnUHddsLfEnXb3pQs4d4BUVw67akzuWy,,"Tue, 24 Nov 20"
0xb33ec1252e0E6D5fA87827cc74E8D7E2845D19d6,1,2,1606232391,1,"Tue, 24 Nov 2020 15:39:51 GMT",QmeAvcsz5vNzS4iqiVuvXxWKCHSuCw2jigA6SQ2WB91Mrw,QmRxmEnbSu35uEjjewCSCMVajgsm5toDxN8rfWyHtSRZLk,,"Tue, 24 Nov 20"
0x9221e53a5E8c3073f923a5655172D760FD38A1f5,1,984.66,1606232515,1,"Tue, 24 Nov 2020 15:41:55 GMT",QmQ14jWvUWHSMRG4XuyUfWyuEUQps5S6jbU2acKeZgnpQz,QmS3Yns1wrbEgcAGojgeG8XB1VzHo4aQJb7vvHLrHKvpq9,,"Tue, 24 Nov 20"
0xc1F8ef5171660F529A3991828926B16999B74A03,1,22.85610373,1606239207,1,"Tue, 24 Nov 2020 17:33:27 GMT",QmdmyPaYdWB2RzybY8ypNCnHDawSAkkWhbjg27XrjnHJJo,QmNmGqyVCt2KSpM5DyU9FPq8hXHRZppTWCUsUZyPkwBqRX,,"Tue, 24 Nov 20"
0xB0fb25C8Fc9Fb6c8DBD34432eFc39a32c8C05351,1,80,1606243366,1,"Tue, 24 Nov 2020 18:42:46 GMT",QmXhj3YFTrvhXhJpuCqJ58zqJrypbwwmKLUHn9t6tcyd1i,QmQ2P6FcF1aZdn4vTb6hFzNxKdyFUWkPdALBFPGN5MMPzn,,"Tue, 24 Nov 20"
0x0eA81DBD6F7a76a17c1e0e8A08587513a33CBE2B,1,79,1606245539,1,"Tue, 24 Nov 2020 19:18:59 GMT",QmRQnXMGuXZeDxRMQw8bRjQeY8jJU89eWAYP45frUMKAgC,QmP9zAAW7pNnC67TRtgA6yy9htbmobGvgXwi1pKWPfCw8C,,"Tue, 24 Nov 20"
0xFfDAC20Cf2Ca4bc0AbB9D66cd9c15fE01047F787,1,30.07486166,1606257094,1,"Tue, 24 Nov 2020 22:31:34 GMT",QmYLZgk6KHGA25s8dbiRRHn5t16SzzVVFWFjHwU3TVDDSs,Qmcvp4zGGchhp1hFFai4HJuAztC5DerKKrxbNgfbmkfAu2,,"Tue, 24 Nov 20"
0x267569102682e2EA8B3005eF08907002788D98e8,1,100,1606278593,2,"Wed, 25 Nov 2020 04:29:53 GMT",QmVY4FFFadiuez2Q2R8C7us6WUJXUxepC9m1otRB8aRnhn,QmZL2Tz6xrMi1sG2ficuLJQoJ3cd6w7eTA6KzvZW8aNkdb,,"Wed, 25 Nov 20"
0x4a0dE283b1d52ACB5822EBc1F4370781175Cea20,1,18.75699473,1606293319,2,"Wed, 25 Nov 2020 08:35:19 GMT",QmQwkbBYMWnjzgi1Efbu1wAaz9sG8r1sf53mRMQowQTV29,QmeDcKGJum2aFJfMvJHVzYo2hkUgUdUujZByo3F2mMiZg4,,"Wed, 25 Nov 20"
0x2A1049062c6Cfd69bd38fbaf3b0559DF1DBbc92c,1,19.32578843,1606302228,2,"Wed, 25 Nov 2020 11:03:48 GMT",QmUruA4cQpqGRDK8q1MzBbkdHgkXRe36PrWf5ocsmmTn8k,QmackqtHSYmqLFGdD4DQv1njVjRMQTtphRiXvaPCgcioNP,,"Wed, 25 Nov 20"
0xc3A1b0600BA577587B6F9441aBf5bAA9f0804819,1,25,1606303133,2,"Wed, 25 Nov 2020 11:18:53 GMT",QmWZBofuV42o41TSHrvssKTuZ8hsTTnAiiKNATSib6LYYi,QmZzjiQXPBDWvv1UV4Z798KzJktSSWcJmF2dzrgiZ6D4Eu,,"Wed, 25 Nov 20"
0xFe13988736d95D052C2E45e5b4E1Ef2e2750b7F4,1,3556.224384,1606305285,2,"Wed, 25 Nov 2020 11:54:45 GMT",QmYiEmR18CcyTx639q3n9qxF1sjrGBEa6GGqduRWYKeUoe,QmboLYZVxgvX7MHC7kmCtyxEHJ3LCdbB4pdexU6jzQderK,,"Wed, 25 Nov 20"
0x415FCE36e2Dc12421F20b93DbaD1dd68bd2F6db6,1,63.84230769,1606314754,2,"Wed, 25 Nov 2020 14:32:34 GMT",QmQcdFzqiByw5iQcfdLQUQaFyABuqH96iHFojv2EX5CMtf,QmTaWVuiU4sfanh5Dib8WgoTVLg218bvGggsi1mPRi7R9R,,"Wed, 25 Nov 20"
0xd894de705b1fA1548C8C7Ad1B827b32f6CA36475,1,90,1606320670,2,"Wed, 25 Nov 2020 16:11:10 GMT",QmZDZMJAQPbL4vrkJ3Q5ggXBgL1K3b3212KyanB3JsCyti,QmUaptFgzPtv22wAX7x3NX9X9DmnpbHS7GzeKondWD7m5f,,"Wed, 25 Nov 20"
0x99E060E20ecA95feD24eCFb291161cB8069BFe85,1,243.5508133,1606339016,2,"Wed, 25 Nov 2020 21:16:56 GMT",QmWoEzeRNq98tBGm3g24gLy9Mkvk3BDD8AnYihQFAZUQ3u,QmV9Z2QsRBm9Y4T3NEez77VcKYf49C1f1ne54zGVMZMr4b,,"Wed, 25 Nov 20"
0x4145D3E2f3Cd0BAcEc559D27EB51768DDEdE67a2,1,151.2354389,1606355015,3,"Thu, 26 Nov 2020 01:43:35 GMT",QmWGrEsyXuHULbeSVYd4n3bwLPFcqLUcB1ePwPQqJhBt6m,QmZ4DdEfxwDcJf4onA4aoDRrmKkVDhdwyRgFWxG7WGecLh,,"Thu, 26 Nov 20"
0x449E8424e765a04b6b10E10C13EF941A9bF0D48A,1,6.468023326,1606385242,3,"Thu, 26 Nov 2020 10:07:22 GMT",QmQnTJZr3JE16rjLQ6iNZPGBbvQ5U52aK2VNSHFQT8i4WS,QmbF3Xppc6HeEpPGvo4dWXhjxeR6o5sh8geUAfxaUKA95k,,"Thu, 26 Nov 20"
0x48184BEA4FFC3d4f915fAD74e18335daffA06326,1,1892.44,1606389660,3,"Thu, 26 Nov 2020 11:21:00 GMT",QmdMob75WM3rT8CCHHYpfjTtTGbvHv5N9Lqa1qCHABaGVt,QmQzn6si84sdr8yPnsjGnCAoVDSqGL6W7n1LqijLHptRQg,,"Thu, 26 Nov 20"
0x13d89b34BD57f483f4023ca147D1f093436CF4F4,1,10.2331221,1606391341,3,"Thu, 26 Nov 2020 11:49:01 GMT",QmUVLGB5cdzZc4JGWTkD7vrgXy3fndLwa7wdsCoQBLVS6q,Qmb22rNCwRXPC1bssZKv3UjXTRXg21z6gp2MAzpNrJZ4BX,,"Thu, 26 Nov 20"
0xEEC0723A0Af783f4FAE753d17eE642AA7d5f28dF,1,246.09828,1606405891,3,"Thu, 26 Nov 2020 15:51:31 GMT",QmWeCRiHhpJW5ZU9uh7hcioALnUozeZvPkRRcREzGCzPeK,Qmb4aHi5vC5R9fPCJFcpVmTuR1sBgmY1s34WDWniJdjvZc,,"Thu, 26 Nov 20"
0xDaC976629020966a03Ed95f19d0DB8f3a8A7215a,1,3044.225601,1606407399,3,"Thu, 26 Nov 2020 16:16:39 GMT",QmVf2P5dgFXLmV6J4QmWRxWozW4VXcayefWV1B7YhsNhuU,Qma2JLQjJGTSbZpqqBCXrNgAfcLxSuRHF1p1V3SdsT8Xuz,,"Thu, 26 Nov 20"
0x9381741a8aDa2B21CCAcC5a920A65e8C35d0fA94,1,2,1606409512,3,"Thu, 26 Nov 2020 16:51:52 GMT",Qma5zE2v5hpMv12WHuRhzJ6E4iqk4WqyQvuYVzwE1yar4U,QmYNhS7QcfSK86qvzKmYyH16MB7R5sfs4eoAQfRZpmywRx,,"Thu, 26 Nov 20"
0x557156b8FE6A203Dc1a60869bff5555A0ade30dc,1,1412.51,1606410435,3,"Thu, 26 Nov 2020 17:07:15 GMT",QmbeCYfQ61BHVo8zsH2MZ6ic4Em5iXod8eXh6RbpXuz5Pb,QmcC2vwWeJMrYYfMMFqfh6eXYc1K9C1KxdkE9on4ezhkTH,,"Thu, 26 Nov 20"
0xe2fbC567DedcfBF69018213A700f96A407cfaB14,2,32.00162256,1606410340,3,"Thu, 26 Nov 2020 17:05:40 GMT",QmNa4UmPSxFonHezb9fb2zRU39LYfQrrjP6BiavqZAX8SP,QmeCmMwpMYavJunmmndooLL74ke9Tdejw7JRk2HpsSjhRa,,"Thu, 26 Nov 20"
0x08f8C46f9f71E301bA41f59C253c412F1A129daD,2,2736.209047,1606412480,3,"Thu, 26 Nov 2020 17:41:20 GMT",QmYYA7X2fVRHkXnL57G2AnjYgAxmZeETcQnjzKpxMRksxN,QmZXCqFMduk4wtxyE1gKMuknq9Y23o57fEVTfzGRfUe5o1,,"Thu, 26 Nov 20"
0xDb4F3a2DEf81C523A76856d145fA05f330057E3B,2,136.11,1606412539,3,"Thu, 26 Nov 2020 17:42:19 GMT",QmUbGQ19JbY4WE52QZfDUSmhAP7WYs2hZ4nVsqWwoNMFZV,QmZTgGDypDUiKZ6SiWAyJUBhpQ1exARzHi59tvhqSCqMbQ,,"Thu, 26 Nov 20"
0x1A31C94f97C649bC2a8aDbCeb54D1f4a075be4b1,2,121.7398679,1606413759,3,"Thu, 26 Nov 2020 18:02:39 GMT",QmezVXrT2bZvX91sYxpCKNHSUFjcxXfKReiSRpZmGwmW11,Qmc6oFQgHwkDYnaZGmww8QE7LjABp3mttTe6HJQwniYXZz,,"Thu, 26 Nov 20"
0xdb24EfF70Fb73bCb2B9eacBf3AdCeb7717813FFf,2,80.07864978,1606426038,3,"Thu, 26 Nov 2020 21:27:18 GMT",Qmakxszx1X5vSPTL1zNiNeW7LHKjW2BKs3P5YvkLw8qvV9,QmQcWzESVgPybQJxcjFqB15edwKZjbpUxF4FqoEyLZz2Xz,,"Thu, 26 Nov 20"
0x9e2B38c9EF8fF91F2C73Ab0475bCe66b14A4B31f,2,148.5116039,1606461887,4,"Fri, 27 Nov 2020 07:24:47 GMT",QmNwymQRRicWSBDHhj9SXTy1RnZ7djGuxZeKxQWXj8dckM,QmdD8RdjLaRnXMbUxGuVM5ECzNxPSzojW1j1HXGB6TZqWF,,"Fri, 27 Nov 20"
0x6fBc9E9E489Dd1e511C91F43A34be0Df2145d9BF,1,1009.45,1606476439,4,"Fri, 27 Nov 2020 11:27:19 GMT",QmWk6fRXHUjhJ8R4mgsxSdeT9gWwwJXNbWFTkjeZwqLrUQ,QmRFcwqku18j2bFazBtYdA6GEpZTm3i9ovD9DEtu1BToSW,,"Fri, 27 Nov 20"
0x265B1827f8b33B1ff1ABAdAAF6BF15E7F6967204,1,100.530449,1606480629,4,"Fri, 27 Nov 2020 12:37:09 GMT",QmVPQM2ts7bSG8WHUPZe7ortbiDMwoyXN9HU9CrFwqbXhD,QmQNhBu4tcAREsEXCBwte8qqTqhBRzoBGiNfkDyrhT6EJf,,"Fri, 27 Nov 20"
0x848FF2a5179C96167B271673f7bb6597233F5F9e,1,1.289224335,1606497337,4,"Fri, 27 Nov 2020 17:15:37 GMT",Qmbg79ZGRgSVJVhFrp1FbMHSAE2oFxiNQEKGqLBHMSJRRD,QmYxgBt6A3FF1PJdSTGgHowkBHJvKL5dnRvAKNSheQFmRu,,"Fri, 27 Nov 20"
0x808A023B72260170c95d831F589A1ae0DCa1e43E,1,120.9671235,1606504524,4,"Fri, 27 Nov 2020 19:15:24 GMT",QmZPhUhTo4k4NGsrhJNRjsYNPLEKwd8vkkmeXnWEjYCBnx,QmWY5zVSWJN8VzCtMtDixhm9QLb2F9UTBwrpAZBkVGuFn3,,"Fri, 27 Nov 20"
0xdF0259238271427C469ABC18A2CB3047d5c12466,1,41.73367474,1606523941,5,"Sat, 28 Nov 2020 00:39:01 GMT",QmTP7bAgQn9xfdUpPXnBp5S5WmiiPuTo2JMjKfojr6RPvz,QmfKEUxQMEes6Tvv58JywGB3FbNBxxdTCgSpw2a5xxcABu,,"Sat, 28 Nov 20"
0x2c5aBc767AB347A852112b80bf62b221f15A6Fe7,1,70.79762507,1606547956,5,"Sat, 28 Nov 2020 07:19:16 GMT",Qmd54yEquVtBJ8vuf2gev8pyagCFQvTJs2w6wr6NaonWZx,QmQjnFoyJKT9cNpbtDDyAzZR28FmUQGLo5dS3Z2k4vQ383,,"Sat, 28 Nov 20"
0x8d5469C906DC6F2185aC0aC523eC8313456e65c7,1,80.2624999,1606573742,5,"Sat, 28 Nov 2020 14:29:02 GMT",QmaQLKkFceKd9SLZnp9pSyUQKysUAwEmRYvhubq2rRg99n,QmZAgJcBUiy4T8gpTVYnLpAFAEgmRcNo7L5SsVy56XrEAJ,,"Sat, 28 Nov 20"
0x099686478448CE02F8E61C6b01904d0548daeAe5,1,76.31348244,1606583181,5,"Sat, 28 Nov 2020 17:06:21 GMT",QmYh57zQvaoKS9AkuCXc5tVY7JkTg5chXu78c3RZLbNDJB,QmZDbMRXGdTbPVtLzQyxnGc27ZPW14JAXTTFrcrnwCRCdf,,"Sat, 28 Nov 20"
0x52d81d4a8b18D6BA0b2c01dd2f9927eAf755dd0a,1,79.82949059,1606618381,6,"Sun, 29 Nov 2020 02:53:01 GMT",QmTsnRzpRYDMewR2ZVGCZjX4whvU7x3rWUoYJrPmZinT5B,QmdLpbWBbwZ54krddwayubRRUf2FMiygfmhgMoAEKzyzAp,,"Sun, 29 Nov 20"
0xa61C06A018dE450321dce198664205A9c375755f,1,7.90903401,1606647561,6,"Sun, 29 Nov 2020 10:59:21 GMT",QmbJeUywijEKRxbtQZVkM2epQ71hPoNT48nPqE3uLpH23o,QmPCqj1hfthaKgszyXat2wDzNnqz2nAqP4EBkh4tsrBtAj,,"Sun, 29 Nov 20"
0x7f01D9b227593E033bf8d6FC86e634d27aa85568,1,27.12635033,1606649137,6,"Sun, 29 Nov 2020 11:25:37 GMT",QmbZUPkfU26LdcG2Wp8hewx3StNEvptCj3Z7bY1bwW99Je,QmbWe94SPuqWjSmjs6iMo5VHhHynuCvnDJ2WmkjFGvDYjr,,"Sun, 29 Nov 20"
0x7461D0E562e54c591d5cc56c32ef280a3130CeD6,1,828.3,1606655311,6,"Sun, 29 Nov 2020 13:08:31 GMT",QmbokAhyBKgnRKjMDLEQy72wnNYg6HXsXRyjwBBLTX1Gia,Qmbq3EFr1N8YaQTLaxazh1yh5Q1Q7GocCe8h3e7sJ3yFGU,,"Sun, 29 Nov 20"
0x9550615f7E5b9182e6f58A73094239b3D03C8dFd,1,201.89986,1606673146,6,"Sun, 29 Nov 2020 18:05:46 GMT",Qmb3CQwA1r6FuJ137wAq1urckiHYZ3zJMWkGyv2FF6zY1j,QmTVgQQmXrn6YHuQNJC8o1JMzGeUm8nNTZ3nKHC5BNZUD9,,"Sun, 29 Nov 20"
0xD31433D53Be2C070c8a9D4F6D2420C07926Ba392,1,683.7763545,1606682378,6,"Sun, 29 Nov 2020 20:39:38 GMT",QmQDtaNnjPFebff39HNVSaSnznBohi1hcCWQq1hznmruEU,QmdP2sbHptUaDFbSmsca5oTuvjznaN83xWLexhAtnpuEns,,"Sun, 29 Nov 20"
0x1699993d3E7D7084A8714886D364F678B7b9dF2A,1,48.3811,1606684005,6,"Sun, 29 Nov 2020 21:06:45 GMT",QmYzLEUXLTz4k3Vf2s4tqo7pgWyg6ouVLTw69WVcN6nVw1,QmTSfBNZGefbq28xcGn7e6wszDVS17s6F6x8FoCYXyVWVH,,"Sun, 29 Nov 20"
0x15fEe449bD712B7b4a751Af84840A678D2E2a1FE,2,23.22550466,1606678801,6,"Sun, 29 Nov 2020 19:40:01 GMT",QmPCbxCTio9d2vqkTrVUvLdeDPs9aPLPDBpPcdjVYfSu7F,QmNnYMX2DMVXQE6pxPWS4FBbqqDKSy8JCiZ1NaEJ1biTFN,,"Sun, 29 Nov 20"
0x95318E316F3e02fe0dd9d01D3f3e094D0a16B738,1,26.6848057,1606709090,7,"Mon, 30 Nov 2020 04:04:50 GMT",Qmchm3Bp79hJWNFV6JjuB3KXzFneBtmTsPDXwKLQo3aSG6,QmPJxBheEtQXnSaRh2CEzrwBVSdUrXzW2MoccDRDFUgmuE,,"Mon, 30 Nov 20"
0xcE8c14435FE642f2Af259a768e060c4e845606C3,1,4013.09,1606728672,7,"Mon, 30 Nov 2020 09:31:12 GMT",QmbW8htr9Ji6jCrJdtq9ahz5myc25xX3MuTCjM4Y4fsMHH,QmQKV4RRFxFMe33qoCYehUTdNDuLVMQgj1b1FvTovPPpDR,,"Mon, 30 Nov 20"
0xa5996FD3b10DD9Ca6813eB9Dae04ec8Fc97Eb41D,1,6406.34,1606732856,7,"Mon, 30 Nov 2020 10:40:56 GMT",QmS5qSm4p5Gw5udS9BiV6DVvi6rz2AAokSLLVNTgZihe4r,QmRmtsaacMLJhACvd9Yhwt7aVPk1eFCHk5ChufLme8siw4,,"Mon, 30 Nov 20"
0x420f8e67196E20695B98a9728cb2a29416e9C687,1,557.27,1606733592,7,"Mon, 30 Nov 2020 10:53:12 GMT",QmQ6buBSoNxN4XZPE68UP7HQc2cNMFbcujusqkuFrgdEsu,QmdUgMWNHdjTjYt6CmCYccbDuuc1mwiyMb4yP2uELSK9w5,,"Mon, 30 Nov 20"
0x188319C06BaD2d261aeABae21B700b01670cA9b5,1,2058.621816,1606735390,7,"Mon, 30 Nov 2020 11:23:10 GMT",QmXRPDruXUPosKZ3fZ522psQdPRSStaNyhcrRonThQu2r7,Qmbox44M3HeWLHCDERoLRupFUzAKdAnGQUjaaGKdfV1VQy,,"Mon, 30 Nov 20"
0xbEc9B6AC6C8A909d68691d359113376F7dd15eCf,1,21,1606743398,7,"Mon, 30 Nov 2020 13:36:38 GMT",QmcoVM2NkcC6Wp2tYkB7QMvvjHBXeYSBSVNMuVMGSvri6V,QmVYzWSVfKRcJFJEgb1Jk4LVqazQ3SjDGQxkQ11PC9mSq3,,"Mon, 30 Nov 20"
0x00d18ca9782bE1CaEF611017c2Fbc1a39779A57C,1,0.480706261,1606753549,7,"Mon, 30 Nov 2020 16:25:49 GMT",QmeRVYrRUaJcgAD7uX9JMUhHwcgcLL1ejgxpF9win1RBi3,QmPCgb2RzYk2Nshx2eJFb8NYhmBx278E6WJHd4ziHBnt5J,,"Mon, 30 Nov 20"
0xd6f5646D9E7FbeE7CC907EB8e12dAFA5378431E6,1,39.37823434,1606754674,7,"Mon, 30 Nov 2020 16:44:34 GMT",QmcJFnKCNHqSsescdDPyrxgBUvBMCqTfuEJdagNQnHyTK4,Qmdxjko1CUU69kQYssyHPsfBT2amb8BiSw95MhP3vDheyG,,"Mon, 30 Nov 20"
0x36b0f5c5780EC9c31c1D04AEf76A07A35d564C2B,2,4720.08,1606730027,7,"Mon, 30 Nov 2020 09:53:47 GMT",QmVni7xWRiHGDvyYuVdpvUZH7fWPrgkvTn6LLa3Qpmu3Bv,QmcuTyW2ces97UhJxjuQRnkB3GtMvxfVQZvXeCYBg5axZw,,"Mon, 30 Nov 20"
0x9d78Eaa53Cf87Ee531518dAAeaACa88209828791,2,25000,1606752680,7,"Mon, 30 Nov 2020 16:11:20 GMT",QmfNy3dJhk2YxGgK2zMms7SGnQhnbPv6SQ8ADkjr6qcdZj,QmZDaj8WViGEMFrhscigDs81PxF3Fq2k8TL88vjdz9xeyN,,"Mon, 30 Nov 20"
